{
  "max_physics_weight": 0.0,
  "epochs": 800,
  "seed": 42,
  "train_samples": 800,
  "test_samples": 200,
  "rrmse": 0.04289590299814065,
  "mape": 19.98472232458781,
  "final_total_loss": 2.0008398493587265e-08,
  "final_data_loss": 2.0008398493587265e-08,
  "final_physics_loss": 0.034723300486803055,
  "final_lambda_physics": 0.0,
  "training_time_seconds": 2.5095436573028564,
  "diverged_nan": "False",
  "res_ohmic": 1.1111364051075157e-09,
  "res_sclc": 6.160068721783318e-08,
  "res_ode": 0.03519889712333679,
  "res_total": 0.035198960453271866,
  "waveform_latency_mean_ms": 0.424653,
  "waveform_latency_p95_ms": 0.6133449999999999,
  "waveform_throughput_sps": 470972.7707092615,
  "sample_latency_mean_ms": 0.148424,
  "sample_latency_p95_ms": 0.2178299999999999,
  "sample_throughput_sps": 6737.454859052445
}