{
  "max_physics_weight": 0.5,
  "epochs": 800,
  "seed": 42,
  "train_samples": 800,
  "test_samples": 200,
  "rrmse": 0.4080112318882497,
  "mape": 179.7047978394474,
  "final_total_loss": 8.452088513877243e-05,
  "final_data_loss": 2.2013314548985363e-07,
  "final_physics_loss": 0.00016860150208231062,
  "final_lambda_physics": 0.5,
  "training_time_seconds": 2.553734302520752,
  "diverged_nan": "False",
  "res_ohmic": 4.089266258944235e-09,
  "res_sclc": 9.468417516700356e-08,
  "res_ode": 5.066328412794974e-06,
  "res_total": 5.165101811144268e-06,
  "waveform_latency_mean_ms": 0.43981950000000003,
  "waveform_latency_p95_ms": 0.66641,
  "waveform_throughput_sps": 454731.99801282113,
  "sample_latency_mean_ms": 0.1510905,
  "sample_latency_p95_ms": 0.19591499999999998,
  "sample_throughput_sps": 6618.549809551229
}