{
  "max_physics_weight": 1.0,
  "epochs": 800,
  "seed": 42,
  "train_samples": 800,
  "test_samples": 200,
  "rrmse": 0.40550118477190045,
  "mape": 187.31577306413797,
  "final_total_loss": 0.00015891777002252638,
  "final_data_loss": 1.5416657106470666e-07,
  "final_physics_loss": 0.00015876360703259706,
  "final_lambda_physics": 1.0,
  "training_time_seconds": 2.5161476135253906,
  "diverged_nan": "False",
  "res_ohmic": 1.6212037934337786e-08,
  "res_sclc": 1.1657218124128121e-07,
  "res_ode": 7.887984793342184e-06,
  "res_total": 8.020769200811628e-06,
  "waveform_latency_mean_ms": 0.4248695,
  "waveform_latency_p95_ms": 0.5782199999999997,
  "waveform_throughput_sps": 470732.77794711076,
  "sample_latency_mean_ms": 0.156308,
  "sample_latency_p95_ms": 0.26609999999999995,
  "sample_throughput_sps": 6397.625201525194
}