{
  "max_physics_weight": 0.1,
  "epochs": 800,
  "seed": 42,
  "train_samples": 800,
  "test_samples": 200,
  "rrmse": 0.06327318109525361,
  "mape": 24.72750031097411,
  "final_total_loss": 1.0080252650368493e-05,
  "final_data_loss": 2.286862788025701e-08,
  "final_physics_loss": 0.00010057384497486055,
  "final_lambda_physics": 0.1,
  "training_time_seconds": 2.589294910430908,
  "diverged_nan": "False",
  "res_ohmic": 1.1223556528605627e-09,
  "res_sclc": 3.7196439706121964e-08,
  "res_ode": 4.239098416292109e-06,
  "res_total": 4.277417247067206e-06,
  "waveform_latency_mean_ms": 0.441275,
  "waveform_latency_p95_ms": 0.60668,
  "waveform_throughput_sps": 453232.11149509944,
  "sample_latency_mean_ms": 0.146584,
  "sample_latency_p95_ms": 0.2150799999999998,
  "sample_throughput_sps": 6822.026960650548
}