{
  "timestamp": "2026-01-23T10:10:55.981183Z",
  "seed": 47,
  "epochs": 800,
  "learning_rate": 0.0002,
  "noise_std": 0.002,
  "variability_bound": 0.05,
  "max_physics_weight": 0.1,
  "hidden_layers": 4,
  "neurons_per_layer": 128,
  "state_mixing": 0.2,
  "use_concentration_feature": false,
  "trainable_params": "ohmic_conductance",
  "train_samples": 800,
  "test_samples": 200,
  "training_time_minutes": 0.040857263406117755,
  "pinn_inference_ms_per_1000pts": 3.153085708618164,
  "vteam_inference_ms_per_1000pts": 2.573728561401367,
  "pinn_rrmse": 0.06685891773949014,
  "vteam_rrmse": 0.27294956818617216,
  "improvement_factor": 4.082470632409816,
  "set_voltage_mean": 1.0141082221269608,
  "set_voltage_std": 0.09149867861615216,
  "on_resistance_cv": 0.6140283403320694,
  "final_total_loss": 4.348485163063742e-06,
  "final_data_loss": 8.649313087971677e-08,
  "final_physics_loss": 4.261992216925137e-05,
  "final_lambda_physics": 0.1,
  "noise_rrmse_0.010": 0.0023842526716074982,
  "noise_rrmse_0.020": 0.004522354862377374,
  "noise_rrmse_0.050": 0.011289251462900402,
  "noise_rrmse_0.100": 0.026527181351010894,
  "param_ohmic_conductance": 9.999997701015673e-07
}