model,waveform_latency_mean_ms,waveform_latency_p95_ms,waveform_throughput_sps,per_sample_latency_mean_ms,per_sample_latency_p95_ms,per_sample_throughput_sps,params_total,float32_param_kib
physics_regularized_surrogate,0.44550799999999996,0.60344,448925.72075024474,0.15531350000000002,0.26089499999999977,6438.590335032047,50179.0,196.01171875
data_only_surrogate,0.43953600000000004,0.6152849999999995,455025.299406647,0.1416065,0.19698999999999997,7061.822727064083,50179.0,196.01171875
vteam,0.5103255,0.67028,391906.73403543426,0.003992000000000001,0.0041,250501.00200400795,,
yakopcic,0.6685365,0.9260499999999972,299160.92838610907,0.0043630000000000006,0.0045,229200.09168003665,,
