{
  "timestamp": "2026-01-23T10:10:36.404308Z",
  "seed": 42,
  "epochs": 800,
  "learning_rate": 0.0002,
  "noise_std": 0.002,
  "variability_bound": 0.05,
  "max_physics_weight": 0.1,
  "hidden_layers": 4,
  "neurons_per_layer": 128,
  "state_mixing": 0.2,
  "use_concentration_feature": false,
  "trainable_params": "ohmic_conductance",
  "train_samples": 800,
  "test_samples": 200,
  "training_time_minutes": 0.04084916512171428,
  "pinn_inference_ms_per_1000pts": 2.5451183319091797,
  "vteam_inference_ms_per_1000pts": 2.4950504302978516,
  "pinn_rrmse": 0.06327318109525361,
  "vteam_rrmse": 0.27294956818617216,
  "improvement_factor": 4.313827177035157,
  "set_voltage_mean": 0.9963927918672562,
  "set_voltage_std": 0.08851819218754703,
  "on_resistance_cv": 0.5494519587299047,
  "final_total_loss": 1.0080252650368493e-05,
  "final_data_loss": 2.286862788025701e-08,
  "final_physics_loss": 0.00010057384497486055,
  "final_lambda_physics": 0.1,
  "noise_rrmse_0.010": 0.0022343763887262337,
  "noise_rrmse_0.020": 0.005760019053757367,
  "noise_rrmse_0.050": 0.014722334904324102,
  "noise_rrmse_0.100": 0.02831337713045064,
  "param_ohmic_conductance": 9.999997701015673e-07
}