{
  "timestamp": "2026-01-23T10:10:44.205638Z",
  "seed": 44,
  "epochs": 800,
  "learning_rate": 0.0002,
  "noise_std": 0.002,
  "variability_bound": 0.05,
  "max_physics_weight": 0.1,
  "hidden_layers": 4,
  "neurons_per_layer": 128,
  "state_mixing": 0.2,
  "use_concentration_feature": false,
  "trainable_params": "ohmic_conductance",
  "train_samples": 800,
  "test_samples": 200,
  "training_time_minutes": 0.04206801652908325,
  "pinn_inference_ms_per_1000pts": 2.847909927368164,
  "vteam_inference_ms_per_1000pts": 2.562999725341797,
  "pinn_rrmse": 0.03327238217852518,
  "vteam_rrmse": 0.27294956818617216,
  "improvement_factor": 8.203487406511597,
  "set_voltage_mean": 1.00593186378479,
  "set_voltage_std": 0.09180015788188205,
  "on_resistance_cv": 0.5520256549908508,
  "final_total_loss": 8.025747320061782e-07,
  "final_data_loss": 3.111590274329501e-08,
  "final_physics_loss": 7.714587809459772e-06,
  "final_lambda_physics": 0.1,
  "noise_rrmse_0.010": 0.00229385182983849,
  "noise_rrmse_0.020": 0.0049384180234211044,
  "noise_rrmse_0.050": 0.010963291241392033,
  "noise_rrmse_0.100": 0.02435117632798608,
  "param_ohmic_conductance": 9.999997701015673e-07
}