{
  "timestamp": "2026-01-23T10:10:32.524098Z",
  "seed": 41,
  "epochs": 800,
  "learning_rate": 0.0002,
  "noise_std": 0.002,
  "variability_bound": 0.05,
  "max_physics_weight": 0.1,
  "hidden_layers": 4,
  "neurons_per_layer": 128,
  "state_mixing": 0.2,
  "use_concentration_feature": false,
  "trainable_params": "ohmic_conductance",
  "train_samples": 800,
  "test_samples": 200,
  "training_time_minutes": 0.04002965688705444,
  "pinn_inference_ms_per_1000pts": 2.3555755615234375,
  "vteam_inference_ms_per_1000pts": 2.5260448455810547,
  "pinn_rrmse": 0.04172024440296803,
  "vteam_rrmse": 0.27294956818617216,
  "improvement_factor": 6.542377018451843,
  "set_voltage_mean": 0.9978356742858887,
  "set_voltage_std": 0.10902381003884215,
  "on_resistance_cv": 0.5895302671137241,
  "final_total_loss": 7.187406936282059e-07,
  "final_data_loss": 3.9005467300512464e-08,
  "final_physics_loss": 6.797352398280054e-06,
  "final_lambda_physics": 0.1,
  "noise_rrmse_0.010": 0.0026913788871999315,
  "noise_rrmse_0.020": 0.004882754740869294,
  "noise_rrmse_0.050": 0.012692306016460354,
  "noise_rrmse_0.100": 0.02712777943919516,
  "param_ohmic_conductance": 9.999997701015673e-07
}